"Temuka Calf Sale - Western Section
Wednesday 13 April 2022 
Commencing at 10:00 a.m.","","","","","","","","",""
"PEN
VENDOR
AREA
TB
Tally
DESCRIPTION
Co.
Kg
$/Head
$/Kg","","","","","","","","",""
"Steer Calves","","","","","","","","",""
"15","Willara Farm/Dalzell","Taiko","CM","5","Ang/Her X","HAZ","292","$      
1,070.00","$   
3.66"
"16","Willara Farm","Taiko","C10","13","Ang/Her X","HAZ","240","$         
875.00","$   
3.65"
"17","Glass Farming P/Ship","Albury","C10","5","Ang/Her X","HAZ","313","$      
1,200.00","$   
3.83"
"18","Glass Farming P/Ship","Albury","C10","7","Angus","HAZ","290","$      
1,060.00","$   
3.66"
"19","Galway Farming","Cannington","CM","12","Ang & Ang X - Weaned 3 wks","PGW","311","$      
1,225.00","$   
3.94"
"20","MR Kelynack","Cannington","C10","10","Angus","PGW","280","$      
1,030.00","$   
3.69"
"21","MR Kelynack","Cannington","C10","5","Angus","PGW","246","$         
940.00","$   
3.82"
"22","Athlone Station","Mt Nessing","C10","15","Angus","PGW","273","$      
1,065.00","$   
3.90"
"23-24","Athlone Station","Mt Nessing","C10","20","Angus","PGW","238","$         
945.00","$   
3.97"
"25-26","Athlone Station","Mt Nessing","C10","28","Angus","PGW","218","$         
860.00","$   
3.95"
"27","Athlone Station","Mt Nessing","C10","18","Angus","PGW","189","$         
710.00","$   
3.76"
"30","Athlone Station","Mt Nessing","C10","16","Ang/Her X","PGW","262","$      
1,025.00","$   
3.91"
"31-34","Athlone Station","Mt Nessing","C10","50","Ang/Her X","PGW","231","$         
930.00","$   
4.03"
"35-36","Athlone Station","Mt Nessing","C10","24","Ang/Her X","PGW","210","$         
805.00","$   
3.83"
"37-38","Athlone Station","Mt Nessing","C10","32","Ang/Her X","PGW","181","$         
710.00","$   
3.93"
"44","Dalziel Farm","Cave","C10","8","Angus","HAZ","261","$         
970.00","$   
3.71"
"45","Dalziel Farm","Cave","C10","13","Angus","HAZ","229","$         
850.00","$   
3.71"
"46","Dalziel Farm","Cave","C10","7","Angus","HAZ","184","$         
650.00","$   
3.54"
"47","Willara Farm","Taiko","C10","12","Angus","HAZ","281","$      
1,030.00","$   
3.66"
"48-49","Willara Farm","Taiko","C10","24","Angus","HAZ","249","$         
960.00","$   
3.85"
"50-51","Willara Farm","Taiko","C10","29","Angus","HAZ","214","$         
745.00","$   
3.48"
"52","Willara Farm","Taiko","C10","6","Angus","HAZ","208","$         
740.00","$   
3.55"
"53","Willara Farm","Taiko","C10","7","Angus","HAZ","186","$         
680.00","$   
3.65"
"54","Willara Farm","Taiko","C10","11","Ang/Her X","HAZ","220","$         
855.00","$   
3.89"
"55","Willara Farm/Dalzell","Taiko","CM","5","Angus","HAZ","167","$         
550.00","$   
3.29"
"57","IB & CJ Bothroyd","Mt Nessing","C10","5","Angus","HAZ","238","$         
940.00","$   
3.95"
"58","IB & CJ Bothroyd","Mt Nessing","C10","13","Angus","HAZ","210","$         
815.00","$   
3.88"
"59","IB & CJ Bothroyd","Mt Nessing","C10","16","Angus","HAZ","188","$         
755.00","$   
4.01"
"60","IB & CJ Bothroyd","Mt Nessing","C10","8","Angus","HAZ","171","$         
620.00","$   
3.62"
"61","SD & JA Lamb","Maungati","C10","8","Angus","PGW","252","$         
970.00","$   
3.85"
"62","SD & JA Lamb","Maungati","C10","25","Angus","PGW","231","$         
880.00","$   
3.81"
"63-65","SD & JA Lamb","Maungati","C10","35","Angus","PGW","210","$         
810.00","$   
3.85"
"66","SD & JA Lamb","Maungati","C10","11","Angus","PGW","170","$         
670.00","$   
3.93"
"67","SD & JA Lamb","Maungati","C10","7","Angus","PGW","233","$         
795.00","$   
3.41"
"68","SD & JA Lamb","Maungati","C10","8","Angus","PGW","149","$         
460.00","$   
3.09"
"69","Cliffbrook P/Ship","Cannington","C10","8","Ang/Her X","PGW","219","$         
830.00","$   
3.78"
"71","J O'Connor","Kakahu","C10","4","Ang/Her X & Angus","PGW","309","$      
1,110.00","$   
3.60"
"72","Stonecroft","Cannington","CM","5","Ang/Her X","PGW","232","$         
760.00","$   
3.28"
"73","Stonecroft","Cannington","CM","14","Ang/Her X","PGW","234","$         
885.00","$   
3.78"
"74","Stonecroft","Cannington","CM","5","Ang/Her X","PGW","269","$      
1,000.00","$   
3.72"
"75","Stonecroft","Cannington","CM","9","Ang/Her X","PGW","221","$         
820.00","$   
3.71"
"76","MD Langston","Hunter","C10","8","Angus","HAZ","214","$         
740.00","$   
3.46"
"77","Monowai Farm","Albury","C10","9","Angus - Weaned 4 wks","HAZ","206","$         
735.00","$   
3.58"
"78","Monowai Farm","Albury","C10","10","Hereford - Weaned 4 wks","HAZ","193","$         
690.00","$   
3.58"
"81","Stonecroft","Cannington","CM","12","Hereford","PGW","251","$         
925.00","$   
3.68"
"82","Stonecroft","Cannington","CM","13","Hereford","PGW","221","$         
785.00","$   
3.55"
"83","Stonecroft","Cannington","CM","9","Hereford","PGW","197","$         
700.00","$   
3.55"
"84","Stonecroft","Cannington","CM","8","Simmental","PGW","274","$      
1,000.00","$   
3.65"
"85","Stonecroft","Cannington","CM","4","Simmental","PGW","238","$         
810.00","$   
3.41"
"87","Quinta Holdings","Cannington","C10","7","Simmental","NZFL","237","$         
820.00","$   
3.46"
"88","Quinta Holdings","Cannington","C10","5","Simmental","NZFL","218","$         
720.00","$   
3.30"
