"PEN
VENDOR
AREA
TB
Tally
DESCRIPTION
Co.
Kg
$/Head
$/Kg","","","","","","","","",""
"Willara Farm
Taiko 
4
238
$         
700.00
HAZ
90
C10
Angus X 2S & 2H
$   
2.95","","","","","","","","",""
"Total Steer Calves
652
230
$                
-
AVG
$     
-","","","","","","","","",""
"Bull Calves","","","","","","","","",""
"Cliffbrook P/Ship
Cannington
11
188
PGW
96
C10
Hereford 
$         
650.00
$   
3.46","","","","","","","","",""
"Total Bull Calves
11
188
$         
650.00
AVG
$   
3.46","","","","","","","","",""
"Heifer Calves","","","","","","","","",""
"100","Monawai Farm","Albury","C10","9","Hereford - Weaned 4 wks","HAZ","208","$         
605.00","$   
2.90"
"101","Monawai Farm","Albury","C10","7","Hereford - Weaned 4 wks","HAZ","166","$         
500.00","$   
3.00"
"102","Cliffbrook P/Ship","Cannington","C10","13","Hereford","PGW","176","$         
550.00","$   
3.13"
"103","Cliffbrook P/Ship","Cannington","C10","4","Hereford","PGW","145","$         
380.00","$   
2.62"
"107","Athlone Station","Mt Nessing","C10","12","Angus ( Capital Stock )","PGW","254","$         
820.00","$   
3.23"
"108-110","Athlone Station","Mt Nessing","C10","36","Angus ( Capital Stock )","PGW","219","$         
630.00","$   
2.88"
"111-112","Athlone Station","Mt Nessing","C10","25","Angus ( Capital Stock )","PGW","190","$         
630.00","$   
3.32"
"113-114","Athlone Station","Mt Nessing","C10","22","Angus X ( Capital Stock )","PGW","240","$         
760.00","$   
3.17"
"115-118","Athlone Station","Mt Nessing","C10","50","Ang/Her X ( Capital Stock )","PGW","219","$         
710.00","$   
3.24"
"119-121","Athlone Station","Mt Nessing","C10","32","Ang/Her X ( Capital Stock )","PGW","195","$         
635.00","$   
3.25"
"122","Athlone Station","Mt Nessing","C10","14","Ang/Her X ( Capital Stock )","PGW","180","$         
630.00","$   
3.49"
"125","MR Kelynack","Cannington","C10","8","Angus","PGW","272","$         
880.00","$   
3.24"
"126","MR Kelynack","Cannington","C10","10","Angus","PGW","244","$         
720.00","$   
2.95"
"127-128","SD & JA Lamb","Maungati","C10","22","Angus","PGW","230","$         
700.00","$   
3.04"
"129-130","SD & JA Lamb","Maungati","C10","21","Angus","PGW","202","$         
650.00","$   
3.22"
"131","SD & JA Lamb","Maungati","C10","8","Angus","PGW","163","$         
525.00","$   
3.22"
"133","IB & CJ Bothroyd","Mt Nessing","C10","10","Angus","HAZ","196","$         
630.00","$   
3.21"
"134","IB & CJ Bothroyd","Mt Nessing","C10","16","Angus","HAZ","174","$         
610.00","$   
3.51"
"135","IB & CJ Bothroyd","Mt Nessing","C10","6","Angus","HAZ","156","$         
500.00","$   
3.21"
"136","Willara Farm","Taiko","C10","10","Angus","HAZ","243","$         
700.00","$   
2.88"
"137-138","Willara Farm","Taiko","C10","28","Angus","HAZ","221","$         
650.00","$   
2.94"
"139","Willara Farm OF 123","Taiko","C10","21","Angus","HAZ","187","$         
590.00","$   
3.15"
"140","Willara Farm","Taiko","C10","7","Angus","HAZ","246","$         
720.00","$   
2.92"
"141","Willara Farm","Taiko","C10","8","Angus","HAZ","214","$         
610.00","$   
2.85"
"142","Willara Farm","Taiko","C10","6","Ang/Her X","HAZ","163","$         
430.00","$   
2.63"
"143","Willara Farm","Taiko","C10","4","Angus 2S & 2 H","HAZ","115","$         
310.00","$   
2.70"
"146","Q J Wreford","Cave","C10","8","Angus","PGW","281","$         
840.00","$   
2.99"
"147","Q J Wreford","Cave","C10","10","Angus","PGW","252","$         
740.00","$   
2.94"
"148","Q J Wreford","Cave","C10","6","Angus","PGW","228","$         
660.00","$   
2.90"
"149","Cliffbrook P/Ship","Cannington","C10","6","Ang/Her X","PGW","212","$         
630.00","$   
2.98"
"150","Stonecroft","Cannington","CM","6","Ang/Her X","PGW","221","$         
570.00","$   
2.58"
"152","Stonecroft","Cannington","CM","8","Ang/Her X","PGW","230","$         
650.00","$   
2.83"
"153","J O'Connor","Kakahu","C10","4","Angus","PGW","268","$         
740.00","$   
2.77"
"","Total Heifer Calves","","","457","","AVG","209","$         
633.00","$   
3.03"
"Various","","","","","","","","",""
"Maungati
208
$         
520.00
$   
2.51
154
SG & JA Lamb
C10
2
Speckle Park Heifers
PGW","","","","","","","","",""
"Cannington
108
$         
350.00
$   
3.26
155
Cliffbrook P/Ship
C10
2
Hereford Bull Calves
PGW","","","","","","","","",""
"Total Various 
4
AVG","","","","","","","","",""
"GRAND TOTAL AT SALE
1124","","","","","","","","",""
